Collection Title,Collection Handle,Collection Description HTML,Published,Product Handle,Product Title,Position
T-Shirts,monts-t-shirts,"<p>MONTS everyday, oversized, and graphic T-shirts.</p>",TRUE,monts-essential-black-tee,Essential Black Tee,1
T-Shirts,monts-t-shirts,"<p>MONTS everyday, oversized, and graphic T-shirts.</p>",TRUE,monts-essential-white-tee,Essential White Tee,2
T-Shirts,monts-t-shirts,"<p>MONTS everyday, oversized, and graphic T-shirts.</p>",TRUE,monts-essential-grey-tee,Essential Grey Tee,3
T-Shirts,monts-t-shirts,"<p>MONTS everyday, oversized, and graphic T-shirts.</p>",TRUE,monts-essential-navy-tee,Essential Navy Tee,4
T-Shirts,monts-t-shirts,"<p>MONTS everyday, oversized, and graphic T-shirts.</p>",TRUE,monts-essential-olive-tee,Essential Olive Tee,5
T-Shirts,monts-t-shirts,"<p>MONTS everyday, oversized, and graphic T-shirts.</p>",TRUE,monts-oversized-charcoal-tee,Oversized Charcoal Tee,6
T-Shirts,monts-t-shirts,"<p>MONTS everyday, oversized, and graphic T-shirts.</p>",TRUE,monts-oversized-cream-tee,Oversized Cream Tee,7
T-Shirts,monts-t-shirts,"<p>MONTS everyday, oversized, and graphic T-shirts.</p>",TRUE,monts-oversized-sand-tee,Oversized Sand Tee,8
T-Shirts,monts-t-shirts,"<p>MONTS everyday, oversized, and graphic T-shirts.</p>",TRUE,monts-oversized-black-tee,Oversized Black Tee,9
T-Shirts,monts-t-shirts,"<p>MONTS everyday, oversized, and graphic T-shirts.</p>",TRUE,monts-graphic-black-tee,Graphic Black Tee,10
T-Shirts,monts-t-shirts,"<p>MONTS everyday, oversized, and graphic T-shirts.</p>",TRUE,monts-graphic-white-tee,Graphic White Tee,11
Shirts,monts-shirts,<p>MONTS casual and premium shirts for everyday styling.</p>,TRUE,monts-relaxed-beige-shirt,Relaxed Beige Shirt,1
Shirts,monts-shirts,<p>MONTS casual and premium shirts for everyday styling.</p>,TRUE,monts-premium-navy-shirt,Premium Navy Shirt,2
Shirts,monts-shirts,<p>MONTS casual and premium shirts for everyday styling.</p>,TRUE,monts-classic-white-shirt,Classic White Shirt,3
Shirts,monts-shirts,<p>MONTS casual and premium shirts for everyday styling.</p>,TRUE,monts-classic-black-shirt,Classic Black Shirt,4
Shirts,monts-shirts,<p>MONTS casual and premium shirts for everyday styling.</p>,TRUE,monts-textured-olive-shirt,Textured Olive Shirt,5
Shirts,monts-shirts,<p>MONTS casual and premium shirts for everyday styling.</p>,TRUE,monts-everyday-blue-shirt,Everyday Blue Shirt,6
Hoodies,monts-hoodies,<p>MONTS minimal and heavyweight hoodies.</p>,TRUE,monts-minimal-grey-hoodie,Minimal Grey Hoodie,1
Hoodies,monts-hoodies,<p>MONTS minimal and heavyweight hoodies.</p>,TRUE,monts-minimal-black-hoodie,Minimal Black Hoodie,2
Hoodies,monts-hoodies,<p>MONTS minimal and heavyweight hoodies.</p>,TRUE,monts-minimal-cream-hoodie,Minimal Cream Hoodie,3
Hoodies,monts-hoodies,<p>MONTS minimal and heavyweight hoodies.</p>,TRUE,monts-heavyweight-charcoal-hoodie,Heavyweight Charcoal Hoodie,4
Hoodies,monts-hoodies,<p>MONTS minimal and heavyweight hoodies.</p>,TRUE,monts-zip-black-hoodie,Zip Black Hoodie,5
Pants & Joggers,monts-pants-and-joggers,<p>MONTS pants and joggers designed for everyday comfort.</p>,TRUE,monts-essential-black-joggers,Essential Black Joggers,1
Pants & Joggers,monts-pants-and-joggers,<p>MONTS pants and joggers designed for everyday comfort.</p>,TRUE,monts-essential-grey-joggers,Essential Grey Joggers,2
Pants & Joggers,monts-pants-and-joggers,<p>MONTS pants and joggers designed for everyday comfort.</p>,TRUE,monts-relaxed-olive-joggers,Relaxed Olive Joggers,3
Pants & Joggers,monts-pants-and-joggers,<p>MONTS pants and joggers designed for everyday comfort.</p>,TRUE,monts-straight-fit-black-pants,Straight Fit Black Pants,4
Pants & Joggers,monts-pants-and-joggers,<p>MONTS pants and joggers designed for everyday comfort.</p>,TRUE,monts-straight-fit-beige-pants,Straight Fit Beige Pants,5
Pants & Joggers,monts-pants-and-joggers,<p>MONTS pants and joggers designed for everyday comfort.</p>,TRUE,monts-relaxed-navy-pants,Relaxed Navy Pants,6
Pants & Joggers,monts-pants-and-joggers,<p>MONTS pants and joggers designed for everyday comfort.</p>,TRUE,monts-utility-olive-pants,Utility Olive Pants,7
Pants & Joggers,monts-pants-and-joggers,<p>MONTS pants and joggers designed for everyday comfort.</p>,TRUE,monts-wide-fit-charcoal-pants,Wide Fit Charcoal Pants,8
Jackets & Overshirts,monts-jackets-and-overshirts,<p>MONTS lightweight jackets and versatile overshirts.</p>,TRUE,monts-lightweight-black-jacket,Lightweight Black Jacket,1
Jackets & Overshirts,monts-jackets-and-overshirts,<p>MONTS lightweight jackets and versatile overshirts.</p>,TRUE,monts-lightweight-beige-jacket,Lightweight Beige Jacket,2
Jackets & Overshirts,monts-jackets-and-overshirts,<p>MONTS lightweight jackets and versatile overshirts.</p>,TRUE,monts-utility-olive-jacket,Utility Olive Jacket,3
Jackets & Overshirts,monts-jackets-and-overshirts,<p>MONTS lightweight jackets and versatile overshirts.</p>,TRUE,monts-minimal-navy-overshirt,Minimal Navy Overshirt,4
Jackets & Overshirts,monts-jackets-and-overshirts,<p>MONTS lightweight jackets and versatile overshirts.</p>,TRUE,monts-minimal-black-overshirt,Minimal Black Overshirt,5
Footwear,monts-footwear,<p>MONTS minimal everyday footwear.</p>,TRUE,monts-minimal-white-sneakers,Minimal White Sneakers,1
Footwear,monts-footwear,<p>MONTS minimal everyday footwear.</p>,TRUE,monts-minimal-black-sneakers,Minimal Black Sneakers,2
Footwear,monts-footwear,<p>MONTS minimal everyday footwear.</p>,TRUE,monts-everyday-grey-sneakers,Everyday Grey Sneakers,3
Bags,monts-bags,<p>MONTS everyday totes and backpacks.</p>,TRUE,monts-canvas-black-tote,Canvas Black Tote,1
Bags,monts-bags,<p>MONTS everyday totes and backpacks.</p>,TRUE,monts-canvas-natural-tote,Canvas Natural Tote,2
Bags,monts-bags,<p>MONTS everyday totes and backpacks.</p>,TRUE,monts-everyday-black-backpack,Everyday Black Backpack,3
Accessories,monts-accessories,"<p>MONTS everyday caps, belts, wallets, socks, and scarves.</p>",TRUE,monts-daily-black-cap,Daily Black Cap,1
Accessories,monts-accessories,"<p>MONTS everyday caps, belts, wallets, socks, and scarves.</p>",TRUE,monts-daily-beige-cap,Daily Beige Cap,2
Accessories,monts-accessories,"<p>MONTS everyday caps, belts, wallets, socks, and scarves.</p>",TRUE,monts-daily-navy-cap,Daily Navy Cap,3
Accessories,monts-accessories,"<p>MONTS everyday caps, belts, wallets, socks, and scarves.</p>",TRUE,monts-classic-black-belt,Classic Black Belt,4
Accessories,monts-accessories,"<p>MONTS everyday caps, belts, wallets, socks, and scarves.</p>",TRUE,monts-minimal-brown-belt,Minimal Brown Belt,5
Accessories,monts-accessories,"<p>MONTS everyday caps, belts, wallets, socks, and scarves.</p>",TRUE,monts-everyday-black-wallet,Everyday Black Wallet,6
Accessories,monts-accessories,"<p>MONTS everyday caps, belts, wallets, socks, and scarves.</p>",TRUE,monts-everyday-tan-wallet,Everyday Tan Wallet,7
Accessories,monts-accessories,"<p>MONTS everyday caps, belts, wallets, socks, and scarves.</p>",TRUE,monts-monts-logo-socks,MONTS Logo Socks,8
Accessories,monts-accessories,"<p>MONTS everyday caps, belts, wallets, socks, and scarves.</p>",TRUE,monts-monts-black-socks,MONTS Black Socks,9
Accessories,monts-accessories,"<p>MONTS everyday caps, belts, wallets, socks, and scarves.</p>",TRUE,monts-minimal-grey-scarf,Minimal Grey Scarf,10
